2006,09,"1. forduló, 1-2. kat.","0607/ad0607_kezdo_12kat_1ford_fsor.pdf"
2006,09,"1. forduló javítókulcs, 1-2. kat.","0607/ad0607_kezdo_12kat_1ford_javut.pdf"
2006,09,"2. forduló, 1-2. kat.","0607/ad0607_kezdo_12kat_2ford_3kat_1ford_fsor.pdf"
2006,09,"2. forduló javítókulcs, 1-2. kat.","0607/ad0607_kezdo_12kat_2ford_3kat_1ford_javut.pdf"
2006,09,"3. forduló, 1. kat.","0607/ad0607_kezdo_1kat_3ford_fsor.pdf"
2006,09,"3. forduló javítókulcs, 2. kat.","0607/ad0607_kezdo_2kat_3ford_javut.pdf"
2006,09,"3. forduló, 2. kat.","0607/ad0607_kezdo_2kat_3ford_fsor.pdf"
2006,09,"3. forduló javítókulcs, 2. kat.","0607/ad0607_kezdo_2kat_3ford_javut.pdf"
2006,10,"1. forduló, 1. kat.","0607/ad0607_halado_1kat_1ford_fsor.pdf"
2006,10,"1. forduló javítókulcs, 1. kat.","0607/ad0607_halado_1kat_1ford_javut.pdf"
2006,10,"2. forduló, 1. kat.","0607/ad0607_halado_1kat_2ford_fsor.pdf"
2006,10,"2. forduló javítókulcs, 1. kat.","0607/ad0607_halado_1kat_2ford_javut.pdf"
2006,10,"3. forduló, 1. kat.","0607/ad0607_halado_1kat_3ford_fsor.pdf"
2006,10,"3. forduló javítókulcs, 1. kat.","0607/ad0607_halado_1kat_3ford_javut.pdf"
2006,10,"1. forduló, 2. kat.","0607/ad0607_halado_2kat_1ford_fsor.pdf"
2006,10,"1. forduló javítókulcs, 2. kat.","0607/ad0607_halado_2kat_1ford_javut.pdf"
2006,10,"2. forduló, 2. kat.","0607/ad0607_halado_2kat_2ford_fsor.pdf"
2006,10,"2. forduló javítókulcs, 2. kat.","0607/ad0607_halado_2kat_2ford_javut.pdf"
2006,10,"3. forduló, 2. kat.","0607/ad0607_halado_2kat_3ford_fsor.pdf"
2006,10,"3. forduló javítókulcs, 2. kat.","0607/ad0607_halado_2kat_3ford_javut.pdf"
2006,10,"1. forduló, 3. kat.","0607/ad0607_halado_3kat_1ford_fsor.pdf"
2006,10,"1. forduló javítókulcs, 3. kat.","0607/ad0607_halado_3kat_1ford_javut.pdf"
2006,10,"2. forduló, 3. kat.","0607/ad0607_halado_3kat_2ford_fsor.pdf"
2006,10,"2. forduló javítókulcs, 3. kat.","0607/ad0607_halado_3kat_2ford_javut.pdf"
2007,09,"1. forduló, 1-2. kat.","0708/ad0708_kezdo_12kat_1ford_fsor.pdf"
2007,09,"1. forduló javítókulcs, 1-2. kat.","0708/ad0708_kezdo_12kat_1ford_javut.pdf"
2007,09,"2. forduló, 1-2. kat.","0708/ad0708_kezdo_12kat_2ford_3kat_1ford_fsor.pdf"
2007,09,"2. forduló javítókulcs, 1-2. kat.","0708/ad0708_kezdo_12kat_2ford_3kat_1ford_javut.pdf"
2007,09,"3. forduló, 1. kat.","0708/ad0708_kezdo_1kat_3ford_fsor.pdf"
2007,09,"3. forduló javítókulcs, 2. kat.","0708/ad0708_kezdo_2kat_3ford_javut.pdf"
2007,09,"3. forduló, 2. kat.","0708/ad0708_kezdo_2kat_3ford_fsor.pdf"
2007,09,"3. forduló javítókulcs, 2. kat.","0708/ad0708_kezdo_2kat_3ford_javut.pdf"
2007,10,"1. forduló, 1. kat.","0708/ad0708_halado_1kat_1ford_fsor.pdf"
2007,10,"1. forduló javítókulcs, 1. kat.","0708/ad0708_halado_1kat_1ford_javut.pdf"
2007,10,"2. forduló, 1. kat.","0708/ad0708_halado_1kat_2ford_fsor.pdf"
2007,10,"2. forduló javítókulcs, 1. kat.","0708/ad0708_halado_1kat_2ford_javut.pdf"
2007,10,"3. forduló, 1. kat.","0708/ad0708_halado_1kat_3ford_fsor.pdf"
2007,10,"3. forduló javítókulcs, 1. kat.","0708/ad0708_halado_1kat_3ford_javut.pdf"
2007,10,"1. forduló, 2. kat.","0708/ad0708_halado_2kat_1ford_fsor.pdf"
2007,10,"1. forduló javítókulcs, 2. kat.","0708/ad0708_halado_2kat_1ford_javut.pdf"
2007,10,"2. forduló, 2. kat.","0708/ad0708_halado_2kat_2ford_fsor.pdf"
2007,10,"2. forduló javítókulcs, 2. kat.","0708/ad0708_halado_2kat_2ford_javut.pdf"
2007,10,"3. forduló, 2. kat.","0708/ad0708_halado_2kat_3ford_fsor.pdf"
2007,10,"3. forduló javítókulcs, 2. kat.","0708/ad0708_halado_2kat_3ford_javut.pdf"
2007,10,"1. forduló, 3. kat.","0708/ad0708_halado_3kat_1ford_fsor.pdf"
2007,10,"1. forduló javítókulcs, 3. kat.","0708/ad0708_halado_3kat_1ford_javut.pdf"
2007,10,"2. forduló, 3. kat.","0708/ad0708_halado_3kat_2ford_fsor.pdf"
2007,10,"2. forduló javítókulcs, 3. kat.","0708/ad0708_halado_3kat_2ford_javut.pdf"
2008,09,"1. forduló, 1-2. kat.","0809/ad0809_kezdo_12kat_1ford_fsor.pdf"
2008,09,"1. forduló javítókulcs, 1-2. kat.","0809/ad0809_kezdo_12kat_1ford_fsor.pdf"
2008,09,"2. forduló, 1-2. kat.","0809/ad0809_kezdo_12kat_2ford_3kat_1ford_fsor.pdf"
2008,09,"2. forduló javítókulcs, 1-2. kat.","0809/ad0809_kezdo_12kat_2ford_3kat_1ford_fsor.pdf"
2008,09,"3. forduló, 1. kat.","0809/ad0809_kezdo_1kat_3ford_fsor.pdf"
2008,09,"3. forduló javítókulcs, 2. kat.","0809/ad0809_kezdo_2kat_3ford_javut.pdf"
2008,09,"3. forduló, 2. kat.","0809/ad0809_kezdo_2kat_3ford_fsor.pdf"
2008,09,"3. forduló javítókulcs, 2. kat.","0809/ad0809_kezdo_2kat_3ford_javut.pdf"
2008,10,"1. forduló, 1. kat.","0809/ad0809_halado_1kat_1ford_fsor.pdf"
2008,10,"1. forduló javítókulcs, 1. kat.","0809/ad0809_halado_1kat_1ford_javut.pdf"
2008,10,"2. forduló, 1. kat.","0809/ad0809_halado_1kat_2ford_fsor.pdf"
2008,10,"2. forduló javítókulcs, 1. kat.","0809/ad0809_halado_1kat_2ford_javut.pdf"
2008,10,"3. forduló, 1. kat.","0809/ad0809_halado_1kat_3ford_fsor.pdf"
2008,10,"3. forduló javítókulcs, 1. kat.","0809/ad0809_halado_1kat_3ford_javut.pdf"
2008,10,"1. forduló, 2. kat.","0809/ad0809_halado_2kat_1ford_fsor.pdf"
2008,10,"1. forduló javítókulcs, 2. kat.","0809/ad0809_halado_2kat_1ford_javut.pdf"
2008,10,"2. forduló, 2. kat.","0809/ad0809_halado_2kat_2ford_fsor.pdf"
2008,10,"2. forduló javítókulcs, 2. kat.","0809/ad0809_halado_2kat_2ford_javut.pdf"
2008,10,"3. forduló, 2. kat.","0809/ad0809_halado_2kat_3ford_fsor.pdf"
2008,10,"3. forduló javítókulcs, 2. kat.","0809/ad0809_halado_2kat_3ford_javut.pdf"
2008,10,"1. forduló, 3. kat.","0809/ad0809_halado_3kat_1ford_fsor.pdf"
2008,10,"1. forduló javítókulcs, 3. kat.","0809/ad0809_halado_3kat_1ford_javut.pdf"
2008,10,"2. forduló, 3. kat.","0809/ad0809_halado_3kat_2ford_fsor.pdf"
2008,10,"2. forduló javítókulcs, 3. kat.","0809/ad0809_halado_3kat_2ford_javut.pdf"
2009,09,"1. forduló, 1-2. kat.","0910/ad0910_kezdo_12kat_1ford_fsor.pdf"
2009,09,"1. forduló javítókulcs, 1-2. kat.","0910/ad0910_kezdo_12kat_1ford_javut.pdf"
2009,09,"2. forduló, 1-2. kat.","0910/ad0910_kezdo_12kat_2ford_3kat_1ford_fsor.pdf"
2009,09,"2. forduló javítókulcs, 1-2. kat.","0910/ad0910_kezdo_12kat_2ford_3kat_1ford_javut.pdf"
2009,09,"3. forduló, 1. kat.","0910/ad0910_kezdo_1kat_3ford_fsor.pdf"
2009,09,"3. forduló javítókulcs, 2. kat.","0910/ad0910_kezdo_2kat_3ford_javut.pdf"
2009,09,"3. forduló, 2. kat.","0910/ad0910_kezdo_2kat_3ford_fsor.pdf"
2009,09,"3. forduló javítókulcs, 2. kat.","0910/ad0910_kezdo_2kat_3ford_javut.pdf"
2009,10,"1. forduló, 1. kat.","0910/ad0910_halado_1kat_1ford_fsor.pdf"
2009,10,"1. forduló javítókulcs, 1. kat.","0910/ad0910_halado_1kat_1ford_javut.pdf"
2009,10,"2. forduló, 1. kat.","0910/ad0910_halado_1kat_2ford_fsor.pdf"
2009,10,"2. forduló javítókulcs, 1. kat.","0910/ad0910_halado_1kat_2ford_javut.pdf"
2009,10,"3. forduló, 1. kat.","0910/ad0910_halado_1kat_3ford_fsor.pdf"
2009,10,"3. forduló javítókulcs, 1. kat.","0910/ad0910_halado_1kat_3ford_javut.pdf"
2009,10,"1. forduló, 2. kat.","0910/ad0910_halado_2kat_1ford_fsor.pdf"
2009,10,"1. forduló javítókulcs, 2. kat.","0910/ad0910_halado_2kat_1ford_javut.pdf"
2009,10,"2. forduló, 2. kat.","0910/ad0910_halado_2kat_2ford_fsor.pdf"
2009,10,"2. forduló javítókulcs, 2. kat.","0910/ad0910_halado_2kat_2ford_javut.pdf"
2009,10,"3. forduló, 2. kat.","0910/ad0910_halado_2kat_3ford_fsor.pdf"
2009,10,"3. forduló javítókulcs, 2. kat.","0910/ad0910_halado_2kat_3ford_javut.pdf"
2009,10,"1. forduló, 3. kat.","0910/ad0910_halado_3kat_1ford_fsor.pdf"
2009,10,"1. forduló javítókulcs, 3. kat.","0910/ad0910_halado_3kat_1ford_javut.pdf"
2009,10,"2. forduló, 3. kat.","0910/ad0910_halado_3kat_2ford_fsor.pdf"
2009,10,"2. forduló javítókulcs, 3. kat.","0910/ad0910_halado_3kat_2ford_javut.pdf"
2010,09,"1. forduló, 1-2. kat.","1011/ad1011_kezdo_12kat_1ford_fsor.pdf"
2010,09,"1. forduló javítókulcs, 1-2. kat.","1011/ad1011_kezdo_12kat_1ford_javut.pdf"
2010,09,"2. forduló, 1-2. kat.","1011/ad1011_kezdo_12kat_2ford_3kat_1ford_fsor.pdf"
2010,09,"2. forduló javítókulcs, 1-2. kat.","1011/ad1011_kezdo_12kat_2ford_3kat_1ford_javut.pdf"
2010,09,"3. forduló, 1. kat.","1011/ad1011_kezdo_1kat_3ford_fsor.pdf"
2010,09,"3. forduló javítókulcs, 2. kat.","1011/ad1011_kezdo_2kat_3ford_javut.pdf"
2010,09,"3. forduló, 2. kat.","1011/ad1011_kezdo_2kat_3ford_fsor.pdf"
2010,09,"3. forduló javítókulcs, 2. kat.","1011/ad1011_kezdo_2kat_3ford_javut.pdf"
2010,10,"1. forduló, 1. kat.","1011/ad1011_halado_1kat_1ford_fsor.pdf"
2010,10,"1. forduló javítókulcs, 1. kat.","1011/ad1011_halado_1kat_1ford_javut.pdf"
2010,10,"2. forduló, 1. kat.","1011/ad1011_halado_1kat_2ford_fsor.pdf"
2010,10,"2. forduló javítókulcs, 1. kat.","1011/ad1011_halado_1kat_2ford_javut.pdf"
2010,10,"3. forduló, 1. kat.","1011/ad1011_halado_1kat_3ford_fsor.pdf"
2010,10,"3. forduló javítókulcs, 1. kat.","1011/ad1011_halado_1kat_3ford_javut.pdf"
2010,10,"1. forduló, 2. kat.","1011/ad1011_halado_2kat_1ford_fsor.pdf"
2010,10,"1. forduló javítókulcs, 2. kat.","1011/ad1011_halado_2kat_1ford_javut.pdf"
2010,10,"2. forduló, 2. kat.","1011/ad1011_halado_2kat_2ford_fsor.pdf"
2010,10,"2. forduló javítókulcs, 2. kat.","1011/ad1011_halado_2kat_2ford_javut.pdf"
2010,10,"3. forduló, 2. kat.","1011/ad1011_halado_2kat_3ford_fsor.pdf"
2010,10,"3. forduló javítókulcs, 2. kat.","1011/ad1011_halado_2kat_3ford_javut.pdf"
2010,10,"1. forduló, 3. kat.","1011/ad1011_halado_3kat_1ford_fsor.pdf"
2010,10,"1. forduló javítókulcs, 3. kat.","1011/ad1011_halado_3kat_1ford_javut.pdf"
2010,10,"2. forduló, 3. kat.","1011/ad1011_halado_3kat_2ford_fsor.pdf"
2010,10,"2. forduló javítókulcs, 3. kat.","1011/ad1011_halado_3kat_2ford_javut.pdf"
2011,09,"1. forduló, 1-2. kat.","1112/ad1112_kezdo_12kat_1ford_fsor.pdf"
2011,09,"1. forduló javítókulcs, 1-2. kat.","1112/ad1112_kezdo_12kat_1ford_javut.pdf"
2011,09,"2. forduló, 1-2. kat.","1112/ad1112_kezdo_12kat_2ford_3kat_1ford_fsor.pdf"
2011,09,"2. forduló javítókulcs, 1-2. kat.","1112/ad1112_kezdo_12kat_2ford_3kat_1ford_javut.pdf"
2011,09,"3. forduló, 1. kat.","1112/ad1112_kezdo_1kat_3ford_fsor.pdf"
2011,09,"3. forduló javítókulcs, 2. kat.","1112/ad1112_kezdo_2kat_3ford_javut.pdf"
2011,09,"3. forduló, 2. kat.","1112/ad1112_kezdo_2kat_3ford_fsor.pdf"
2011,09,"3. forduló javítókulcs, 2. kat.","1112/ad1112_kezdo_2kat_3ford_javut.pdf"
2011,10,"1. forduló, 1. kat.","1112/ad1112_halado_1kat_1ford_fsor.pdf"
2011,10,"1. forduló javítókulcs, 1. kat.","1112/ad1112_halado_1kat_1ford_javut.pdf"
2011,10,"2. forduló, 1. kat.","1112/ad1112_halado_1kat_2ford_fsor.pdf"
2011,10,"2. forduló javítókulcs, 1. kat.","1112/ad1112_halado_1kat_2ford_javut.pdf"
2011,10,"3. forduló, 1. kat.","1112/ad1112_halado_1kat_3ford_fsor.pdf"
2011,10,"3. forduló javítókulcs, 1. kat.","1112/ad1112_halado_1kat_3ford_javut.pdf"
2011,10,"1. forduló, 2. kat.","1112/ad1112_halado_2kat_1ford_fsor.pdf"
2011,10,"1. forduló javítókulcs, 2. kat.","1112/ad1112_halado_2kat_1ford_javut.pdf"
2011,10,"2. forduló, 2. kat.","1112/ad1112_halado_2kat_2ford_fsor.pdf"
2011,10,"2. forduló javítókulcs, 2. kat.","1112/ad1112_halado_2kat_2ford_javut.pdf"
2011,10,"3. forduló, 2. kat.","1112/ad1112_halado_2kat_3ford_fsor.pdf"
2011,10,"3. forduló javítókulcs, 2. kat.","1112/ad1112_halado_2kat_3ford_javut.pdf"
2011,10,"1. forduló, 3. kat.","1112/ad1112_halado_3kat_1ford_fsor.pdf"
2011,10,"1. forduló javítókulcs, 3. kat.","1112/ad1112_halado_3kat_1ford_javut.pdf"
2011,10,"2. forduló, 3. kat.","1112/ad1112_halado_3kat_2ford_fsor.pdf"
2011,10,"2. forduló javítókulcs, 3. kat.","1112/ad1112_halado_3kat_2ford_javut.pdf"
2012,09,"1. forduló, 1-2. kat.","1213/ad1213_kezdo_12kat_1ford_fsor.pdf"
2012,09,"1. forduló javítókulcs, 1-2. kat.","1213/ad1213_kezdo_12kat_1ford_javut.pdf"
2012,09,"2. forduló, 1-2. kat.","1213/ad1213_kezdo_12kat_2ford_3kat_1ford_fsor.pdf"
2012,09,"2. forduló javítókulcs, 1-2. kat.","1213/ad1213_kezdo_12kat_2ford_3kat_1ford_javut.pdf"
2012,09,"3. forduló, 1. kat.","1213/ad1213_kezdo_1kat_3ford_fsor.pdf"
2012,09,"3. forduló javítókulcs, 2. kat.","1213/ad1213_kezdo_2kat_3ford_javut.pdf"
2012,09,"3. forduló, 2. kat.","1213/ad1213_kezdo_2kat_3ford_fsor.pdf"
2012,09,"3. forduló javítókulcs, 2. kat.","1213/ad1213_kezdo_2kat_3ford_javut.pdf"
2012,10,"1. forduló, 1. kat.","1213/ad1213_halado_1kat_1ford_fsor.pdf"
2012,10,"1. forduló javítókulcs, 1. kat.","1213/ad1213_halado_1kat_1ford_javut.pdf"
2012,10,"2. forduló, 1. kat.","1213/ad1213_halado_1kat_2ford_fsor.pdf"
2012,10,"2. forduló javítókulcs, 1. kat.","1213/ad1213_halado_1kat_2ford_javut.pdf"
2012,10,"3. forduló, 1. kat.","1213/ad1213_halado_1kat_3ford_fsor.pdf"
2012,10,"3. forduló javítókulcs, 1. kat.","1213/ad1213_halado_1kat_3ford_javut.pdf"
2012,10,"1. forduló, 2. kat.","1213/ad1213_halado_2kat_1ford_fsor.pdf"
2012,10,"1. forduló javítókulcs, 2. kat.","1213/ad1213_halado_2kat_1ford_javut.pdf"
2012,10,"2. forduló, 2. kat.","1213/ad1213_halado_2kat_2ford_fsor.pdf"
2012,10,"2. forduló javítókulcs, 2. kat.","1213/ad1213_halado_2kat_2ford_javut.pdf"
2012,10,"3. forduló, 2. kat.","1213/ad1213_halado_2kat_3ford_fsor.pdf"
2012,10,"3. forduló javítókulcs, 2. kat.","1213/ad1213_halado_2kat_3ford_javut.pdf"
2012,10,"1. forduló, 3. kat.","1213/ad1213_halado_3kat_1ford_fsor.pdf"
2012,10,"1. forduló javítókulcs, 3. kat.","1213/ad1213_halado_3kat_1ford_javut.pdf"
2012,10,"2. forduló, 3. kat.","1213/ad1213_halado_3kat_2ford_fsor.pdf"
2012,10,"2. forduló javítókulcs, 3. kat.","1213/ad1213_halado_3kat_2ford_javut.pdf"
2013,09,"1. forduló, 1-2. kat.","1314/ad1314_kezdo_12kat_1ford_fsor.pdf"
2013,09,"1. forduló javítókulcs, 1-2. kat.","1314/ad1314_kezdo_12kat_1ford_javut.pdf"
2013,09,"2. forduló, 1-2. kat.","1314/ad1314_kezdo_12kat_2ford_3kat_1ford_fsor.pdf"
2013,09,"2. forduló javítókulcs, 1-2. kat.","1314/ad1314_kezdo_12kat_2ford_3kat_1ford_javut.pdf"
2013,09,"3. forduló, 1. kat.","1314/ad1314_kezdo_1kat_3ford_fsor.pdf"
2013,09,"3. forduló javítókulcs, 2. kat.","1314/ad1314_kezdo_2kat_3ford_javut.pdf"
2013,09,"3. forduló, 2. kat.","1314/ad1314_kezdo_2kat_3ford_fsor.pdf"
2013,09,"3. forduló javítókulcs, 2. kat.","1314/ad1314_kezdo_2kat_3ford_javut.pdf"
2013,10,"1. forduló, 1. kat.","1314/ad1314_halado_1kat_1ford_fsor.pdf"
2013,10,"1. forduló javítókulcs, 1. kat.","1314/ad1314_halado_1kat_1ford_javut.pdf"
2013,10,"2. forduló, 1. kat.","1314/ad1314_halado_1kat_2ford_fsor.pdf"
2013,10,"2. forduló javítókulcs, 1. kat.","1314/ad1314_halado_1kat_2ford_javut.pdf"
2013,10,"3. forduló, 1. kat.","1314/ad1314_halado_1kat_3ford_fsor.pdf"
2013,10,"3. forduló javítókulcs, 1. kat.","1314/ad1314_halado_1kat_3ford_javut.pdf"
2013,10,"1. forduló, 2. kat.","1314/ad1314_halado_2kat_1ford_fsor.pdf"
2013,10,"1. forduló javítókulcs, 2. kat.","1314/ad1314_halado_2kat_1ford_javut.pdf"
2013,10,"2. forduló, 2. kat.","1314/ad1314_halado_2kat_2ford_fsor.pdf"
2013,10,"2. forduló javítókulcs, 2. kat.","1314/ad1314_halado_2kat_2ford_javut.pdf"
2013,10,"3. forduló, 2. kat.","1314/ad1314_halado_2kat_3ford_fsor.pdf"
2013,10,"3. forduló javítókulcs, 2. kat.","1314/ad1314_halado_2kat_3ford_javut.pdf"
2013,10,"1. forduló, 3. kat.","1314/ad1314_halado_3kat_1ford_fsor.pdf"
2013,10,"1. forduló javítókulcs, 3. kat.","1314/ad1314_halado_3kat_1ford_javut.pdf"
2013,10,"2. forduló, 3. kat.","1314/ad1314_halado_3kat_2ford_fsor.pdf"
2013,10,"2. forduló javítókulcs, 3. kat.","1314/ad1314_halado_3kat_2ford_javut.pdf"
2014,09,"1. forduló, 1-2. kat.","1415/ad1415_kezdo_12kat_1ford_fsor.pdf"
2014,09,"1. forduló javítókulcs, 1-2. kat.","1415/ad1415_kezdo_12kat_1ford_javut.pdf"
2014,09,"2. forduló, 1-2. kat.","1415/ad1415_kezdo_12kat_2ford_3kat_1ford_fsor.pdf"
2014,09,"2. forduló javítókulcs, 1-2. kat.","1415/ad1415_kezdo_12kat_2ford_3kat_1ford_javut.pdf"
2014,09,"3. forduló, 1. kat.","1415/ad1415_kezdo_1kat_3ford_fsor.pdf"
2014,09,"3. forduló javítókulcs, 2. kat.","1415/ad1415_kezdo_2kat_3ford_javut.pdf"
2014,09,"3. forduló, 2. kat.","1415/ad1415_kezdo_2kat_3ford_fsor.pdf"
2014,09,"3. forduló javítókulcs, 2. kat.","1415/ad1415_kezdo_2kat_3ford_javut.pdf"
2014,10,"1. forduló, 1. kat.","1415/ad1415_halado_1kat_1ford_fsor.pdf"
2014,10,"1. forduló javítókulcs, 1. kat.","1415/ad1415_halado_1kat_1ford_javut.pdf"
2014,10,"2. forduló, 1. kat.","1415/ad1415_halado_1kat_2ford_fsor.pdf"
2014,10,"2. forduló javítókulcs, 1. kat.","1415/ad1415_halado_1kat_2ford_javut.pdf"
2014,10,"3. forduló, 1. kat.","1415/ad1415_halado_1kat_3ford_fsor.pdf"
2014,10,"3. forduló javítókulcs, 1. kat.","1415/ad1415_halado_1kat_3ford_javut.pdf"
2014,10,"1. forduló, 2. kat.","1415/ad1415_halado_2kat_1ford_fsor.pdf"
2014,10,"1. forduló javítókulcs, 2. kat.","1415/ad1415_halado_2kat_1ford_javut.pdf"
2014,10,"2. forduló, 2. kat.","1415/ad1415_halado_2kat_2ford_fsor.pdf"
2014,10,"2. forduló javítókulcs, 2. kat.","1415/ad1415_halado_2kat_2ford_javut.pdf"
2014,10,"3. forduló, 2. kat.","1415/ad1415_halado_2kat_3ford_fsor.pdf"
2014,10,"3. forduló javítókulcs, 2. kat.","1415/ad1415_halado_2kat_3ford_javut.pdf"
2014,10,"1. forduló, 3. kat.","1415/ad1415_halado_3kat_1ford_fsor.pdf"
2014,10,"1. forduló javítókulcs, 3. kat.","1415/ad1415_halado_3kat_1ford_javut.pdf"
2014,10,"2. forduló, 3. kat.","1415/ad1415_halado_3kat_2ford_fsor.pdf"
2014,10,"2. forduló javítókulcs, 3. kat.","1415/ad1415_halado_3kat_2ford_javut.pdf"
2015,09,"1. forduló, 1-2. kat., feladat","1516/211_jav_ad1516_k_12k_1f_f.pdf"
2015,09,"1. forduló, javítókulcs, 1-2. kat.","1516/211_jav_ad1516_k_12k_1f_m.pdf"
2015,09,"2. forduló, 1-2. kat.","1516/215_ad1516_k_12k_2f_3k_1_f.pdf"
2015,09,"2. forduló, 1-2. kat., javítókulcs","1516/215_ad1516_k_12k_2f_3k_1_m.pdf"
2015,09,"3. forduló, 1. kat.","1516/219_ad1516_k_1k_3f_f.pdf"
2015,09,"3. forduló, 2. kat.","1516/220_ad1516_k_2k_3f_f.pdf"
2015,09,"2. forduló, 3. kat.","1516/225_ad1516_k_3k_2f_f.pdf"
2015,10,"1. forduló, 1. kat.","1516/213_jav_ad1516_h_1k_1f_f.pdf"
2015,10,"1. forduló, 1. kat. javítókulcs","1516/213_VEGLEGES_ad1516_h_1k_1f_m.pdf"
2015,10,"1. forduló, 2. kat.","1516/214_jav_ad1516_h_2k_1f_f.pdf"
2015,10,"1. forduló, 2. kat. javítókulcs","1516/214_UTOLSO_valtozat_ad1516_h_2k_1f_m.pdf"
2015,10,"2. forduló, 1. kat.","1516/217_ad1516_h_1k_2f_f.pdf"
2015,10,"2. forduló, 1. kat., javítókulcs","1516/217_ad1516_h_1k_2f_m.pdf"
2015,10,"2. forduló, 2. kat.","1516/218_ad1516_h_2k_2f_f.pdf"
2015,10,"2. forduló, 2. kat. javítókulcs","1516/218_ad1516_h_2k_2f_m.pdf"
2015,10,"3. forduló, 1. kat.","1516/219_ad1516_h_1k_3f_f.pdf"
2015,10,"3. forduló, 2. kat.","1516/222_ad1516_h_2k_3f_f.pdf"
2015,10,"1. forduló, 3. kat.","1516/224_ad1516_h_3k_1f_f.pdf"
2015,10,"1. forduló, 3. kat. javítókulcs","1516/224_ad1516_h_3k_1f_m.pdf"
2015,10,"2. forduló, 3. kat.","1516/226_ad1516_h_3k_2f_f.pdf"
