tanev,evf,hu,path
2002,11-12,Megoldás,2002_1112-mo.pdf
2003,09-10,Feladatsor,2003_0910.pdf
2003,09-10,Megoldás,2003_0910-mo.pdf
2004,09-10,Feladatsor,2004_0910.pdf
2004,09-10,Megoldás,2004_0910-mo.pdf
2004,11-12,Feladatsor,2004_1112.pdf
2005,09-10,Feladatsor,2005_0910.pdf
2005,09-10,Megoldás,2005_0910-mo.pdf
2005,11-12,Feladatsor,2005_1112.pdf
2005,11-12,Megoldás,2005_1112-mo.pdf
2006,09-10,Feladatsor,2006_0910.pdf
2006,09-10,Megoldás,2006_0910-mo.pdf
2007,09-10,Feladatsor,2007_0910.pdf
2007,09-10,Megoldás,2007_0910-mo.pdf
2007,11-12,Feladatsor,2007_1112.pdf
2007,11-12,Megoldás,2007_1112-mo.pdf
2008,09-10,Feladatsor,2008_0910.pdf
2009,09-10,Feladatsor,2009_0910.pdf
2009,09-10,Megoldás,2009_0910-mo.pdf
2009,11-12,Feladatsor,2009_1112.pdf
2009,11-12,Megoldás,2009_1112-mo.pdf
2012,09-10,Feladatsor,2012_0910.pdf
2012,09-10,Megoldás,2012_0910-mo.pdf
2012,11-12,Feladatsor,2012_1112.pdf
2012,11-12,Megoldás,2012_1112-mo.pdf
2013,09-10,Feladatsor,2013_0910.pdf
2013,09-10,Megoldás,2013_0910-mo.pdf
2013,11-12,Feladatsor,2013_1112.pdf
2013,11-12,Megoldás,2013_1112-mo.pdf
2014,11-12,Feladatsor,2014_1112.pdf
2014,11-12,Megoldás,2014_1112-mo.pdf
2015,09-10,Feladatsor,2015_0910.pdf
2015,09-10,Megoldás,2015_0910-mo.pdf
2015,11-12,Feladatsor,2015_1112.pdf
2015,11-12,Megoldás,2015_1112-mo.pdf
